Tiktoker name,Subscribers,Views avg.,Likes avg.,Comments avg.,Shares avg.,Month
___nicoichi___,1.3M,1.9M,225.3K,1.7K,1.1K,6
_.anime.edits_0,97K,1.7M,75.6K,1.5K,8.7K,6
_.respect.boss._,1.5M,4.4M,241.9K,249,797,6
_.the.meme.hub._,2.3M,3.8M,787.7K,2.9K,9K,6
_andrewcurtiss,2.5M,1.4M,300.4K,5.8K,4K,6
_emil_official,600.9K,2.5M,61.9K,1.2K,9.5K,6
_ikyikyyy,3.1M,1.5M,185.3K,1.5K,1.6K,6
_jennifernierva,1M,2.4M,321.1K,1.9K,1K,6
_mister_z,4.9M,2.3M,407.3K,3.2K,3K,6
_nch04,4.9M,3.9M,235.3K,1.3K,1.2K,6
_space.draws_,2.6M,2M,227.1K,1.6K,817,6
_subtitulos_,92.8K,3.4M,432.7K,960,690,6
_surya_editz_,551.2K,3.5M,330.6K,1.1K,2.1K,6
_xochitl.gomez,4.4M,6.1M,1.1M,9,3.4K,6
_xsyalisx_,144.3K,1.8M,347.5K,2.4K,2.7K,6
.jmwalton,1.2M,3.4M,667K,15.3K,5.6K,6
1642l4,15K,1.3M,64.2K,2.8K,13.6K,6
1asos,3.5M,2.5M,174.3K,1.2K,1.4K,6
230.s,13.6K,2.2M,159.2K,1.5K,1.3K,6
42psy42,3.9M,2.5M,417.8K,2.2K,1.2K,6
4q2y,1.5M,1.7M,140.2K,3.6K,1.2K,6
7uss.n,1.5M,2.2M,225.5K,2.2K,2.5K,6
aachoyy,494.9K,2.4M,356.2K,2.4K,519,6
abba,2.5M,10.1M,2M,7.6K,8K,6
abbieherbert,13.2M,4.2M,557K,1.4K,959,6
abir.sag,12.7M,3.9M,302.8K,2.1K,2.1K,6
aboody_kareem,7.2M,1.5M,167.7K,2.6K,1.5K,6
actressbecc,1.4M,745.2K,207.4K,1.5K,3.7K,6
actually.average,1.2M,1.1M,320.9K,4K,3K,6
adammilardovicc,8.1M,2.2M,184.8K,1.6K,943,6
adamsilvera,93.7K,2.2M,616.3K,6K,4.6K,6
addisonre,88M,7.5M,704.3K,4.3K,2K,6
adi.syahreza,7M,2.2M,278.7K,1.9K,1.8K,6
adrianbliss,6M,3M,479K,1.5K,4.8K,6
adrilatinatv,25.6M,3.1M,243.4K,1.5K,190,6
aemilst,1.3M,1.5M,224.3K,2K,3.4K,6
aerilzafrel8,1.9M,2.3M,216.8K,4.7K,1.8K,6
aespa_official,5M,9.5M,2.2M,33.9K,29.2K,6
aichangemoy_,8.4M,2.7M,250.5K,3.2K,2.6K,6
aiki_kr,2.1M,1.9M,361.4K,1.7K,1.3K,6
ailaughatmyownjokes,1.9M,1.4M,340.4K,1.4K,4.3K,6
ajkhiphop,36.5K,4.6M,670.6K,686,355,6
akamztwenty20,20.4M,3.8M,410.5K,1.3K,1.7K,6
akgunnice,2.4M,4.6M,143K,1.3K,436,6
akramadinas,3.9M,1.6M,374.6K,3.1K,1.2K,6
albert_cancook,6.7M,6.2M,524.9K,1.9K,2.1K,6
albertinasacaca,1.5M,4M,464.4K,2.4K,787,6
albertinasacaca1,4.8M,2.5M,226.1K,2.5K,575,6
alejandrodelcarpio96,148.6K,2.5M,233.8K,1.5K,255,6
alex_abt,109K,2.3M,371.5K,592,307,6
alexbatistao,3.2K,951.7K,46.6K,1.7K,19.4K,6
alexitoxedits,2.8M,966K,276.7K,2.5K,3.3K,6
alexwaarren,15.3M,2.7M,643.7K,635,417,6
alezha.obukhov,681.2K,2.2M,251.1K,697,1.2K,6
alfaanm,101.1K,647.2K,45.7K,1K,35.7K,6
ali.samir11,2.5M,1.7M,215.7K,6.7K,982,6
aliciasaavedra_,353.1K,4.9M,113.8K,1.3K,25.8K,6
alliep.andrews2nd,31.4K,3.1M,432.6K,1.4K,750,6
alrslani20,499.8K,2.3M,100.2K,2.1K,4.7K,6
alteregofanbase7,178.7K,2.6M,267.3K,560,654,6
alxjames,2.1M,1.7M,278.5K,1.9K,9.7K,6
amauryguichon,11.2M,17M,1.4M,10.7K,15.2K,6
amrmaskoun,967K,2M,169.9K,2.1K,1.8K,6
ana_eusse,11.7M,2.4M,343.6K,1K,166,6
analisseworld,10.3M,2.3M,418.7K,926,1K,6
anaraquelhz,4M,1.6M,185.9K,1.4K,6.8K,6
anas_elshayib,3.9M,3.1M,182.1K,4.6K,1.9K,6
andcarli,8.1M,7M,236.5K,1.3K,589,6
andremastijan,723.7K,5.2M,360K,2.7K,12.5K,6
andy.and.michelle,4.4M,2.8M,399.9K,1.8K,4.6K,6
anitta,20M,2.4M,256.8K,945,380,6
anna..paull,4.4M,3.1M,731.7K,2.1K,474,6
annajobling,477K,4.1M,482.7K,4.5K,2K,6
annaxsitar,11.9M,3.1M,454.2K,741,424,6
apollolikesblu,3K,702.3K,124.5K,9.5K,2.1K,6
areyoukiddingtv,4.8M,4.1M,648.8K,2.5K,316,6
arfaytb,372.7K,894.1K,108.7K,456,7.6K,6
argentinidadnovelera,91.8K,1.8M,160.5K,953,10.8K,6
arigameplays,21.5M,4.9M,559K,2.7K,2.3K,6
artbydemarcusshawn,6.1M,1.8M,273.8K,2.7K,2.8K,6
ashmonterooo,8.9K,2.6M,437.2K,6.6K,15.4K,6
aubreyandersonemmons,1.1M,1.8M,320.8K,2K,1.8K,6
augustogimenez,12.5M,4.4M,562.8K,1.2K,538,6
aureliehermansyahatta,7.4M,1.9M,190.1K,1.4K,1.3K,6
aurikatariina,7.4M,8.9M,1M,4K,3.7K,6
aussiesdoingthings,2.7M,1.2M,170K,602,3.6K,6
aussiesdoingthings,2.7M,1.2M,170K,602,3.6K,6
austenalexander,321.4K,1.3M,125.7K,1.1K,5.2K,6
avanireyes,5.1M,3.5M,283.6K,1.9K,542,6
awildani13,77.2K,3.7M,498.4K,5.9K,4.4K,6
ayaatanjali_,5.9M,1.6M,303.1K,1.2K,780,6
ayanakamachi,1.4M,3.2M,206.5K,1K,1.8K,6
aybukeyim,1.2M,3.1M,162.7K,2.1K,500,6
aydenmekus,10.5M,3.6M,275.4K,8.6K,1.3K,6
ayesebastien,7.2M,2M,396.5K,2.1K,1.8K,6
aylin.criss,17.3M,2.6M,385.7K,2.1K,355,6
badbunny,22.2M,48.9M,9M,58.4K,96.7K,6
baimwong,8.5M,2.1M,130.6K,2K,1.9K,6
bankkamo46_,1.3M,1.5M,204.7K,1.1K,3K,6
bara_ze,2.5M,1.8M,118.8K,4.3K,2.4K,6
barbaracoura,8.8M,1.5M,239.7K,1.4K,816,6
basementgang,5.4M,2.9M,256.2K,1.9K,2.7K,6
bavariamedic,489.7K,7.1M,553.6K,1.6K,3.4K,6
bayashi.tiktok,28.4M,6.2M,713.1K,3.6K,2K,6
baylenlevine,4.2M,1.2M,190.3K,2.9K,903,6
bdylanhollis,8.6M,3.5M,792.8K,4.1K,10.4K,6
bear,1.2M,2.8M,284.4K,1.1K,371,6
beberexha,7.3M,2M,278K,3.7K,1.8K,6
bebopandbebe,750.4K,3.3M,127.2K,7.6K,354,6
beca,23M,1.7M,219.8K,2.2K,1.5K,6
bellafoodie,4.2M,2.3M,271.8K,709,778,6
bellapoarch,90.2M,6.8M,921.9K,9.5K,1.2K,6
bellaretamosa,5.4M,2.3M,394.3K,1.1K,709,6
ben_brainard,2.6M,1.3M,296.9K,1.2K,1.1K,6
benjikrol,31.1M,1.6M,234.7K,1.8K,348,6
berusahalucu,694K,3.9M,239.8K,954,940,6
bessan_esmail,10.4M,2.5M,175.7K,2.6K,1.3K,6
bhaviboi,279.7K,3.4M,346.9K,677,791,6
bi_131_bi,1.4M,1.1M,232.1K,2K,1.3K,6
bibidong07,5.7K,1.9M,149.8K,6.6K,3.9K,6
biggieclean,4.8M,3.7M,364.5K,1.4K,456,6
bilal.hd91,2.1M,1.5M,175.1K,3.1K,1.2K,6
bilalahy,2M,1.1M,224.5K,1.3K,2.1K,6
billlnai,8.5M,1.7M,403.7K,958,912,6
blacchyna,1.1M,1.7M,174.2K,3.7K,1.1K,6
blacksels,59.1K,620.8K,208.8K,1.8K,5.4K,6
blakeb628,568.4K,1.3M,161.3K,1.1K,10.3K,6
blondebrunetteredhead,12M,14.2M,2.6M,9.8K,7.5K,6
boberrybiscuits2,59.8K,1.5M,309.9K,1.9K,7.5K,6
booboothafoocloset,1.4M,1.2M,314.5K,673,1.3K,6
borhen.kachbouri,204.1K,3.6M,331.2K,926,604,6
botakteras,2.8M,2.4M,207.1K,1.7K,529,6
boywithuke,4.9M,1.7M,209.3K,2.2K,691,6
brandonrogers,1.5M,2.7M,497K,1.7K,4.7K,6
brandonspam_,8M,1.9M,380.2K,2.1K,348,6
brentrivera,43.9M,2.9M,540.2K,2.2K,321,6
bretmanrock,14.2M,3.2M,617.2K,1.7K,1.4K,6
bricks.and.disorder,755.3K,2.5M,448.1K,1.2K,666,6
briggi_bozzo,22M,3.6M,335K,388,571,6
brilionaire,3.9M,4.1M,369.6K,2.1K,7K,6
brittany_broski,7M,1.3M,236.7K,1.2K,1.4K,6
brittikitty,12.6M,3.7M,550.9K,2.1K,2K,6
brodywellmaker,21.1M,6.3M,853K,6.1K,16.4K,6
brookemonk_,20.3M,2.7M,466.9K,2.2K,1.2K,6
brunabarbieoficial,18.4M,2.6M,168.8K,12K,1.9K,6
bstchld,4.4M,2.8M,362.7K,3.1K,5.2K,6
bukanstreet,1M,1.3M,171.5K,2.4K,1.5K,6
burnaboyofficial,972.8K,1.3M,164.5K,1.8K,2.4K,6
c4tluvr666,2.4M,2.7M,558.5K,1.4K,1.5K,6
cakelegend,1.3M,3.5M,900.6K,14.6K,1.1K,6
caleb.green,2.9M,3.1M,256.4K,897,329,6
camimendes,2.6M,6.2M,971.2K,2.8K,777,6
canalzezao,5.9M,1.9M,105K,1.1K,6K,6
caocuongvu,3.7M,3.4M,395.4K,2.2K,797,6
captain.cream,4.2M,2.8M,345.5K,3.2K,4.2K,6
carebearkieran,469.1K,1.6M,354.4K,1.2K,2K,6
carlcunard,3M,5M,158.3K,1.3K,3.1K,6
carloandsarah,3.7M,2.7M,240.6K,886,2.3K,6
carloscastroes,12M,1.6M,152.3K,400,3.1K,6
carloscastroes,12M,1.6M,152.3K,400,3.1K,6
carlosferiag,39.2M,3.3M,251.9K,2.2K,203,6
carolcastromx,11.3M,3.1M,440.7K,1.5K,367,6
carolinarinconf,5.5M,5.9M,654.1K,3.2K,2.9K,6
carolvillanes,5.5M,1.9M,336.4K,6.6K,322,6
cassholland,1.7M,2.4M,390.2K,1.4K,943,6
cavalo.do_rock,154.4K,1.4M,258.5K,7K,17.7K,6
cbum,2.6M,1.6M,215.8K,1.1K,2.7K,6
cciinnn,6.6M,2.6M,296.4K,1.7K,588,6
cdiasss_,2.5M,1.9M,497.4K,2.3K,977,6
cecia.loaiza,6.2M,1.9M,277.7K,2K,388,6
cedriklorenzen,2.5M,3M,301.1K,4.3K,8.1K,6
cellat36,8.5M,1.9M,171.4K,5.4K,1.6K,6
cemresolmaz,10.3M,2.4M,164.3K,6.4K,1.6K,6
cerenyaldz,9.3M,1.1M,97.7K,7.9K,1.5K,6
cerolzera,4.1M,1.7M,180.4K,2.7K,1.3K,6
cesarpantoja.n,13.2M,3M,489.1K,1.3K,311,6
cha.momilie,1.2M,2M,282.1K,2K,1.1K,6
championsleague,14.9M,3.8M,551.9K,3.4K,2.3K,6
chamrent,2.1M,3.7M,370.9K,1.7K,1.3K,6
chanelterrero,404.7K,2.3M,257K,1.5K,387,6
chang._.a,22M,1.4M,286.2K,3.6K,1.9K,6
charlidamelio,142M,16.4M,1.8M,27.3K,9.5K,6
charlieputh,17.2M,1.9M,234.6K,2.6K,772,6
charlymarieofc,966K,1.3M,103.1K,1.5K,5.4K,6
charlyokei,4.1M,3.6M,343.5K,824,1.1K,6
chedurena,6.8M,2M,231.5K,1.7K,6.8K,6
cheekykiddo,4.1M,2.2M,231.8K,489,1.6K,6
chicken_nugget_.0,862.7K,1.6M,240.6K,1.9K,2.8K,6
chiefilomeno,2.8M,2.4M,179.1K,1.5K,596,6
chikakiku,8.5M,3.3M,247.1K,2.1K,679,6
chimeconem.official,637.6K,3.9M,247K,599,442,6
choega,5.5M,2.1M,348.2K,4.1K,2K,6
chourouk.model_official,4.8M,3.4M,147.2K,851,2.4K,6
chris,7.7M,2.1M,353.3K,897,895,6
chrisbrownofficial,6.2M,2.2M,306.6K,3.6K,3.6K,6
chrisdelia,2M,1.1M,163.2K,1.1K,3.1K,6
cicichania96,2.7M,2.7M,188.1K,2.3K,1.6K,6
cizimmektebi,338.1K,6.1M,239.6K,3.3K,6.8K,6
claragnds,17.1M,1.8M,219.2K,2.4K,1.2K,6
clerishwijaya,494.2K,1.8M,129.9K,2.6K,3.6K,6
clubgodzilla,195.2K,3.1M,618.6K,4.6K,1.7K,6
cocielo,4.6M,3.6M,438.2K,601,613,6
codsterss,58K,13M,951.6K,13.2K,136K,6
com.yamato0515,1.8M,2.3M,213.7K,2.8K,1.5K,6
com.yamato0515,1.8M,2.3M,213.7K,2.8K,1.5K,6
com.yuta0305,1.2M,2.2M,226.7K,2.4K,1.9K,6
com.yuta0305,1.2M,2.2M,226.7K,2.4K,1.9K,6
conangray,5.7M,1.4M,363.2K,3.7K,1.8K,6
coopernoriega,2.9M,4.2M,287K,2.5K,1.6K,6
creationsross,2.4M,3.2M,402.1K,1.2K,4.3K,6
creative_explained,4.5M,1.9M,184.9K,836,7.8K,6
criminalksa,1.1M,3M,223.6K,1.2K,859,6
cris_soto.09,361.4K,2.3M,126.5K,340,5.2K,6
crisp.ink,620.6K,2.2M,536.9K,4.1K,10.6K,6
cristobalsoria,701K,3M,392.8K,6.6K,14.5K,6
cuongkido,1.5M,3.6M,221.9K,869,704,6
cvillaloboss,13M,6M,500.6K,2.9K,927,6
cznburak,59.5M,4.3M,288.9K,1.6K,927,6
daffaxml,864.5K,1.9M,190.3K,2.8K,1.3K,6
dafnnejm,2.1M,1.6M,354.7K,688,761,6
dal9_5,102.6K,1.8M,204.2K,4.3K,10.9K,6
daniel.labelle,26.2M,5.5M,777K,2.6K,3.4K,6
danivallem,4.5M,1.4M,108.4K,764,16.1K,6
dannapaola,16.3M,4.5M,554.1K,1.6K,778,6
danphto,448K,2.3M,206.9K,2K,382,6
danythegaggio,3M,2.2M,300.2K,2.5K,12.1K,6
daotthungan,1M,3.1M,229.7K,985,301,6
daraarafah24,786.4K,3.3M,429.8K,5.8K,2.7K,6
darianrojasc,30.4M,8.1M,1M,3.9K,1.2K,6
dasigantung,5.6M,2.7M,426.2K,1.2K,918,6
datdo0803,6.9M,5.8M,592.4K,2.2K,696,6
datvilla94,7.1M,4.5M,490.8K,8.3K,4.6K,6
daveardito,8.8M,3.9M,330.6K,2.6K,1K,6
daviddobrik,26M,5M,854.6K,2.1K,2.6K,6
davidgalvanv,4.8M,2.1M,291.8K,2K,548,6
davidsiwonchoi,2.5M,1.9M,309.7K,2.2K,1.8K,6
davidyrodriguez,8M,1.4M,256.6K,1K,1.7K,6
deborahyowa,14.5M,6.9M,351.4K,6.5K,2.7K,6
deiveleonardooficial,5.8M,1.8M,194.8K,1.9K,39.7K,6
delaneysayshello,1M,1.3M,224.6K,1.3K,2.9K,6
dennnyn,3.4M,1.1M,148K,959,6.7K,6
deon.k.washington,112.8K,717.2K,125.3K,1.4K,7.7K,6
dereklipp_,4.9M,2.5M,348.2K,1K,4.4K,6
devincaherly,7.9M,2.7M,279K,1K,119,6
devon_palmer,1.9M,2.1M,432.5K,1K,1.7K,6
dexter.the.tabby,159.2K,4.7M,1M,12.4K,13.1K,6
dhanihehee,1.4M,1.8M,138.3K,4.3K,661,6
diefebri19,686.7K,1.7M,227.2K,1.8K,293,6
diegodiego_,7.8M,3.3M,496.8K,2.5K,2.1K,6
diiegospyckerzs,808.5K,2.8M,154.5K,3K,11.8K,6
dilanjaniyar,1.7M,2.2M,283.9K,1.6K,1.1K,6
dilanjaniyar_2,2.5M,2.2M,262.7K,1.6K,1.3K,6
dilaraaduman,2.2M,4.7M,338.3K,1.5K,1K,6
dissectpodcast,471.6K,1.3M,252.5K,1.4K,5.3K,6
ditanganu,5.9M,3.6M,416.1K,2.4K,768,6
dj_hyo,1.6M,3.2M,606.7K,5.6K,3.2K,6
djsnake,2.3M,2.2M,247.8K,1.9K,1.5K,6
dmcomics,493.4K,1.7M,169.1K,2.2K,10.1K,6
domelipa,54.2M,8.6M,1.5M,14.3K,4.1K,6
dontstopmeowing,11M,1.8M,224.4K,1.1K,1.7K,6
dorychang_03,3.8M,3.9M,341.5K,1.5K,943,6
dovecameron,11.6M,2.8M,538.8K,1.5K,492,6
drewafualo,7.4M,2.7M,568.2K,3.7K,1.4K,6
drisantosbr,3M,1.5M,197K,1.7K,2.4K,6
droop314,465.9K,997.2K,70.2K,1.3K,13.1K,6
druskitv,3.5M,2.8M,519.5K,3K,9.4K,6
dualipaofficial,8.4M,3.1M,178.7K,1.6K,2K,6
dudamaryah,5.2M,2.2M,367.7K,1.4K,1.3K,6
dudamaryah,5.2M,2.2M,367.7K,1.4K,1.3K,6
duncanyounot,4.3M,720.5K,246.4K,2.9K,1.9K,6
dunkmvp,3.3M,4.6M,698.7K,1.3K,2.2K,6
dxbxd,2.4M,1.8M,219.1K,2.2K,1.5K,6
dylanmulvaney,5.4M,3.1M,700K,7.3K,1.8K,6
dylanpage.ning,2.8M,2.2M,344.3K,5.2K,2.6K,6
earlthejackass,84.5K,2.9M,359.2K,3.8K,14.1K,6
editnessbarrett,157.3K,1.5M,275.7K,1.8K,845,6
edpeople,1.4M,1.8M,278.1K,1.8K,1.5K,6
edsheeran,11.4M,1.8M,166.9K,2K,672,6
eduardbaka,1.5M,1.4M,233.6K,1.9K,978,6
edwinmendozza,14.7M,3.2M,514.3K,1.1K,249,6
eggrollfish,56.5K,2.2M,438.3K,3.2K,7.9K,6
ehbeefamily,11.4M,3.4M,344.5K,1.3K,761,6
ehlija,3.9M,3.1M,402.7K,1.8K,1.7K,6
el_chicanero,2.7M,2.5M,227.1K,1.5K,7K,6
el_creador_del_sex3,31.2K,1.3M,134K,1.7K,3.1K,6
el.pollofritoxd,89.2K,1.2M,220.8K,4.1K,8.9K,6
elchimbatv,1.7M,3.4M,277.9K,1.2K,3.7K,6
elinameng,2.1M,4.2M,558.4K,886,598,6
elliotforbes,8.3M,3.5M,292.2K,628,311,6
elmercanchi,1.5M,4.2M,362.9K,2.4K,7.2K,6
elongggg,2M,2.1M,339.8K,2K,589,6
elrodcontreras,41.1M,3.6M,496.7K,3.8K,622,6
elysemyers,5.1M,1.5M,172.7K,2.7K,1.7K,6
em.ire,259.5K,1.2M,211.6K,2.2K,2.8K,6
emiliamernes,3.9M,10.8M,1.6M,3.9K,2.7K,6
emillyvickof,10.3M,4.4M,354K,707,638,6
emilmario69,7M,5.5M,199.9K,3.7K,1.3K,6
emilyfauver,3.6M,2.6M,380.2K,730,1.3K,6
emilymariko,10.9M,3.3M,309.1K,945,560,6
emmybear1005,1.6M,4M,431.3K,2.8K,2K,6
engfa32,2.7M,1.7M,233.3K,1.6K,829,6
enhypen,11.8M,8M,2.4M,63K,40.6K,6
enzomk_,879.7K,2.7M,229.6K,1.1K,9.6K,6
erictro,3.9M,5.5M,534K,618,1.1K,6
erinboyle_np,5.9K,1.8M,123.6K,2.5K,20.1K,6
esnyrdump,896.1K,2.4M,409.7K,3.3K,1.8K,6
estanahi,1.3M,2.9M,419.5K,833,571,6
estetsh0,1.1M,1.2M,165.8K,1.1K,4.1K,6
eupereiraoficial,7.2M,9.9M,776.6K,4.2K,7.7K,6
euro2024,7.2M,2.1M,390.5K,2.7K,2K,6
euwillou,8.6M,2.3M,360.9K,1.7K,2.7K,6
everydaycode,223.3K,2.7M,235.4K,1.1K,2.3K,6
expeditionevans,271.3K,3M,355.7K,542,2K,6
eyavanana,12.3M,2.9M,492.5K,1.7K,1.2K,6
fabiola.baglieri,12.3M,2.9M,375.9K,1.2K,537,6
fabru_blacutt,18.1M,2.2M,242.9K,2.4K,562,6
fadiljaidi,8.3M,10.7M,1.7M,11.4K,8.2K,6
fahmi.n1997,1.9M,4M,389.5K,1.7K,835,6
fahmi.nm,8.3M,2.7M,260.9K,1.4K,738,6
faithkristin,592.1K,1.8M,271.7K,4.8K,5.1K,6
farhakhalidi,1.4M,2M,364.7K,2.6K,2.2K,6
farhanrn__,4.7M,4.2M,688K,3.2K,1.7K,6
faryanggaa,5.2M,1.8M,344.4K,1.5K,491,6
fedevigevani,13.6M,3.3M,437.7K,2.3K,561,6
fedez,5.5M,2.8M,422.4K,1.2K,2.3K,6
felipenpv,2.2M,2.8M,515.5K,5.5K,4.5K,6
femin,2.1M,2.9M,254.5K,4.5K,573,6
fendibaee,54.9K,788.7K,206K,3.6K,3.1K,6
ferchugimenez,6.1M,4.1M,729.3K,1.8K,1.2K,6
ferxxo444,2.6M,1.2M,234.8K,1.4K,4.5K,6
firmanskd,2.7M,2.3M,212.6K,654,9.9K,6
firmanskd,2.7M,2.3M,212.6K,654,9.9K,6
flavinhalouise,11.5M,1.4M,128K,740,3.6K,6
fleekedbymitch,821.2K,5.6M,590.9K,3.2K,3.8K,6
flickerspark_,1.2M,2.1M,516.8K,1.4K,1.5K,6
fontenel.le,243.8K,1.2M,259.5K,2.2K,540,6
foodtimecali,4.1M,3.8M,284K,655,20.8K,6
football.clips_09,224.5K,3.3M,323K,1.7K,1.1K,6
fox.brown,391.7K,1.8M,308.2K,1.6K,3.4K,6
frankielapenna,3.4M,7.1M,316.7K,1.2K,4.1K,6
freeritzyralph,1.6M,1.1M,281.5K,2K,2.4K,6
frnzlynfby,2.4M,1.4M,324.7K,1.5K,1.7K,6
fujiiian,15.4M,4.3M,449.4K,2.1K,1.9K,6
furryfritz,3.9M,1.7M,271.6K,1.1K,2.5K,6
fyp,8.3M,1.8M,372.2K,762,544,6
g.catt.eng,2M,1.9M,219.9K,1.1K,1.3K,6
gameboytok,33.9K,2.8M,424.5K,1.3K,3.1K,6
gemelasabello2,15.7M,5.7M,554.8K,1K,1.8K,6
german_crusader,158.6K,1.1M,208.9K,1.7K,4.6K,6
germangarmendia,17.5M,8.8M,1.6M,17.2K,9K,6
ghait6h,1.1M,1.6M,176.5K,4.3K,674,6
giangiu88,3.7M,2.5M,304.5K,1.2K,2.7K,6
giannis_an34,3.4M,1.7M,210.3K,1.8K,764,6
gil_foot2,1.5M,1.2M,210.6K,513,3.3K,6
glbtfilms,76.3K,684.7K,195.6K,2.4K,3.4K,6
goldens.fourever7,965K,1.2M,171.5K,1.3K,7K,6
gordonramsayofficial,32.8M,11.2M,648.3K,5K,1.9K,6
grbgt9,132.6K,2.2M,177.6K,1.1K,2K,6
greenshrimps,83.3K,1.5M,334.9K,2.8K,1.3K,6
gregisms,2.4M,1.1M,180.6K,6.6K,6.4K,6
gtcreationslime,4.1M,3.1M,183.9K,728,946,6
guilhermebatilani,398.7K,2.1M,323.3K,983,2.7K,6
guiraya,733.2K,2.2M,197.3K,1.3K,1.3K,6
gustavomeloof,5M,1.4M,113.4K,1.2K,8.8K,6
gusyterequijas,1.8M,1.6M,236.9K,777,2.7K,6
gutierrezcastro,13M,1.4M,229.9K,2K,2K,6
gzfoodqood,17.1M,2.5M,237.5K,745,808,6
haidang_doo,2.6M,4.5M,317.3K,607,398,6
haileybieber,9M,2.4M,257K,2.5K,805,6
hakobone,299.2K,2.9M,195.8K,1.6K,6.5K,6
halinhofficial,1.3M,3.2M,223.3K,3.2K,1.2K,6
haqiemstopa,846.7K,2.1M,156.4K,2.5K,697,6
haritsuuu,1.8M,6.7M,307.3K,7K,8.8K,6
harry.shin,904.5K,4.3M,509.6K,2.4K,833,6
hasanmucci,2.1M,2.5M,196.6K,1.6K,619,6
hat590,3.6M,1.5M,191.3K,2.4K,306,6
hayleygeorgiamorris,3.2M,2.4M,366.7K,1.4K,9.6K,6
herranwalt,5.5M,1.8M,282K,2.3K,1.6K,6
hikakin,1.6M,4.8M,454.5K,4.1K,6.3K,6
hoaa.hanassii,12.8M,6M,618.5K,3.8K,849,6
hoaminzy_hoadambut,4.2M,2.8M,280.2K,789,268,6
hoaminzy_hoadambut,4.2M,2.8M,280.2K,789,268,6
homm9k,42.1M,2.2M,301.9K,2.3K,569,6
hourialesyeuxverts_off,143.2K,1M,102.1K,1.5K,6K,6
how.kev.eats,2.2M,2.6M,305.9K,1.4K,401,6
howridiculous,13.6M,13.9M,516.3K,889,758,6
hstikkytokky,808.7K,1.6M,161.4K,2.5K,1.7K,6
hunterprosper,4.7M,2.2M,384.6K,1.2K,1.9K,6
i.f.t.fishing,9.7K,3.8M,154.5K,2.1K,12K,6
iamdikeh,2.8M,1.8M,174.5K,2.4K,1.3K,6
iamferv,29.3M,10M,1.4M,10.2K,6.4K,6
iamkelianne,9.9M,4.2M,452.5K,360,263,6
iamnotshaneofficial,225.5K,2.2M,187.4K,554,2.8K,6
iampauloandre,1.4M,4.3M,854.1K,5.5K,6.4K,6
iamzario,2M,1.2M,244.6K,1.8K,1.5K,6
iben_ma,7M,5.2M,379.1K,20.9K,1.1K,6
ig_alongwiranda,880.7K,3.2M,129.4K,1.2K,20K,6
ikercasillas,2.4M,1.3M,212.1K,2.4K,3K,6
ikhmal_azzarin,407.4K,4.4M,303.7K,4K,3.8K,6
iloveyourmomscatt,8.2K,1.3M,159.3K,4.9K,3.3K,6
ilusha_help,4.6M,2.3M,75.9K,1.2K,7.9K,6
ilyasikuba,2.7M,1.9M,188.8K,558,2.4K,6
imdimpey,8M,1.4M,330K,3.1K,4.7K,6
imma.tokyo,486.9K,9.9M,1.2M,5.7K,3.1K,6
inachitomer,1.3M,2.9M,516.2K,1.1K,1K,6
incorrectlyroce,6.5M,3.9M,650.4K,2K,2.3K,6
infinite,7.3M,4.8M,722.3K,6.9K,382,6
infinite,7.3M,4.8M,722.3K,6.9K,382,6
ingratax,14.8M,3.1M,617.8K,784,420,6
initiaraandini,4.7M,3.5M,338.6K,1.3K,1.2K,6
iqmorteza,873.5K,3.7M,429.8K,6.5K,2K,6
isaach.p,1.8M,1.2M,189.4K,3.2K,2.1K,6
isaiahgarza,7.5M,1.6M,297.3K,1.5K,954,6
isaliagomez_,703.8K,1.6M,297.3K,863,3.7K,6
its.michhh,30.2M,2.4M,369.7K,1.9K,193,6
itsjojosiwa,41.8M,3.5M,429.2K,2.2K,619,6
itskingchris,16.2M,1.8M,355K,3K,1.8K,6
itslennnie,2.3M,764.7K,120.6K,1.5K,20.4K,6
itsmenicksmithy,7.4M,2.2M,415.4K,3.4K,2.4K,6
itsoraida,4.2M,1.1M,254.5K,1.7K,2.1K,6
itsqcp,10.1M,1.6M,297.7K,1.5K,916,6
itssassagurl,6M,3.9M,716.4K,3.3K,6.5K,6
itstalasafwan,4.7M,2.9M,177.6K,4.6K,1.4K,6
itsthescotts,6.2M,1.5M,231.7K,517,2.2K,6
itzyofficial,8.4M,1.2M,332.4K,3.8K,2.3K,6
ivanmartinez,12.4M,3M,392.1K,1.3K,489,6
ivanovik.83,172.7K,2.3M,91.5K,1.1K,11.1K,6
ive.official,2.2M,7.7M,1.5M,12K,14K,6
jack_papho69,6.7M,3.3M,313.1K,2.3K,964,6
jackgrealish,3M,2M,256K,4.5K,1.7K,6
jacobday,3.7M,1.2M,193.1K,3.4K,1.2K,6
jadepicon,8.1M,2.8M,342.7K,1.8K,843,6
jaimeonod,1.5M,2M,319.5K,3.2K,1.3K,6
jakeandrich,12M,2.6M,241.8K,2.5K,3.3K,6
jakeandrich,12.5M,1.8M,184.3K,2K,2.7K,6
jakemaldonado,6.5M,1.7M,324.1K,659,2.7K,6
jakepaul,16.5M,3.1M,354.9K,2.8K,1K,6
jamescharles,36.2M,3.1M,344.6K,1.6K,631,6
janeydm,14.3M,2.6M,305.1K,1.3K,381,6
jaxwritessongs,9.5M,2.4M,346.5K,3.1K,2.2K,6
jaykindafunny8,23.9M,5.8M,426K,3.3K,4.6K,6
jaynie.dizire,19.1K,1.2M,193.5K,3.2K,2K,6
jayrscottyy,2.7M,2.5M,333.2K,3.4K,1.9K,6
jdiasss_,7.4M,2.8M,610.5K,5.6K,4.9K,6
jdpantoja,28.8M,4.1M,658.3K,8K,1K,6
jefripradewa,226.2K,1.6M,178.8K,3K,10.7K,6
jellybeannotvince,542.7K,2.7M,352.2K,2.8K,6.9K,6
jennifergarner,2.5M,2M,326.4K,1.6K,1K,6
jessnolimit999,6.2M,17M,1.7M,24.2K,11.5K,6
jesusortizpaz,1.7M,1.8M,207.5K,1.2K,832,6
jezzzini,1.7M,1.4M,419K,1.6K,6.2K,6
jhothsa,13.3M,1.1M,189.8K,960,2.6K,6
jimena.jimenezr,23.5M,3.7M,577.5K,962,2K,6
jimmydarts,8.6M,2.2M,360.3K,3.5K,492,6
jjeverettrose,3.2M,2.2M,345.8K,775,575,6
jmartineze_,22.2M,2.4M,377.7K,1.8K,2.5K,6
joaoferdnan,7.7M,919.7K,143.3K,2.5K,4K,6
joe.bartolozzi,18.8M,1.9M,338.8K,2.3K,552,6
joelsvnny,1.1M,897.8K,203.8K,2.7K,1.7K,6
joerauth_,5.4M,1.9M,319.4K,1.2K,1.9K,6
joesantagato,1.5M,1.5M,175.5K,2.4K,2.5K,6
joeyvalence,717.8K,2.8M,559.6K,1.1K,705,6
johnnyy.ed,1.7M,1.2M,173.1K,1.2K,3.3K,6
jonata_26,5.1M,2.5M,415.5K,1.1K,1.5K,6
jonata_26,5.2M,2.3M,377.9K,999,1.3K,6
joshanglooo,670.9K,1M,315.1K,1.6K,1.9K,6
joshrichards,25.6M,2.9M,275.5K,1.3K,682,6
joslum,12.1M,2.5M,327.3K,1.9K,403,6
jounggustav,3.4M,9.6M,1.3M,4.7K,6.7K,6
juanchimy,3.1M,2.1M,485K,2.4K,2.1K,6
jubiandxian,4.7M,3.3M,557.8K,3K,2.6K,6
julesleblanc,18.7M,1.9M,455.7K,1.6K,554,6
juliaaliceaa,3.7K,2.2M,550.3K,3.1K,14.3K,6
juliagisella,11.5M,2.6M,381.3K,7.4K,6.9K,6
junya1gou,42.7M,3.9M,174.4K,2.1K,2.3K,6
just_dt,8.9M,1.4M,221K,3.2K,2.8K,6
just.hamilton,2.6M,1M,185.5K,1.1K,3.4K,6
just.hamilton,2.6M,1M,185.5K,1.1K,3.4K,6
justthenobodys,7.9M,2.9M,293.8K,1.5K,1.2K,6
jwaltonnn,733.4K,1.6M,350.9K,27K,2.5K,6
k0uvr,13.6M,2.3M,404.2K,854,321,6
kaan.etm,3.1M,1.5M,322.5K,2.1K,862,6
kaelimaee,9M,1.9M,293.6K,682,864,6
kallmekris,44.5M,4.1M,784.3K,5.3K,2.1K,6
kamuimi,306.2K,2.1M,411.3K,2.2K,522,6
karmalust.ff,204.6K,962.9K,40.6K,36.1K,745,6
kartiniinspiringwoman,359.9K,970.1K,80.8K,2.4K,11.6K,6
katclark86,1.9M,2.7M,381.9K,1.1K,211,6
kaylamalecc,7.9M,3.3M,462.6K,3.9K,255,6
keirariff,4.2M,3.3M,545.2K,1.8K,2.5K,6
keniaos,14.6M,1.6M,280.7K,4.8K,822,6
kenti.best.boi,1.2M,1M,167.9K,1.9K,3.4K,6
kervo.dolo,9.7M,5.6M,1.2M,7K,14.9K,6
keysilva990,29.2K,2.3M,134.3K,1.5K,1.3K,6
kfc_es,2.8M,1.2M,171.7K,3K,1.5K,6
khaby.lame,143.2M,25.3M,2.9M,23.5K,16.3K,6
khalidandsalama,4.6M,2.1M,204.8K,2.3K,2.3K,6
khoailangthang,731.7K,3.9M,258.8K,2K,1.3K,6
kieuduylong16,1.9M,2.6M,311.5K,1.8K,335,6
kikakiim,30.9M,2.8M,307.5K,1.4K,698,6
kimberly.loaiza,64.2M,6.3M,1M,11.5K,2.6K,6
kinemachuu,215.6K,2.6M,205.2K,1.1K,10.5K,6
king_misr,2M,1.5M,82.1K,1.1K,7.5K,6
kingblackcinema,90.9K,979K,206.9K,2.3K,5.4K,6
kirbyquimado,187.9K,2.1M,274.9K,1.5K,7.6K,6
kjsmoothh,2.5M,5.3M,793.2K,10.2K,13.5K,6
kodakblack,1.3M,1.2M,196.7K,4.3K,4.2K,6
kodasteven,5.3M,2.4M,512.7K,3.4K,1.9K,6
kodyantle,28.8M,7.3M,467.9K,2.1K,5.3K,6
kookiiecore,1.2M,904.1K,305.8K,1.3K,2K,6
kozuehayashii,6.7M,2.7M,517.1K,568,812,6
kpp2179393999,834.9K,6.5M,345.5K,1.3K,3.2K,6
kristenhanby123,12.2M,8.3M,700.5K,1.3K,2.5K,6
kru1d,4.2M,1.8M,108.5K,652,3.4K,6
ktkr_knw,137.8K,3.1M,159.8K,802,3.1K,6
kulinaria.recetas,3.3M,2.4M,287.1K,669,8.6K,6
kulubotnabetl0g,1.4M,987.4K,190.9K,3K,1.9K,6
kyliejenner,41.2M,8.2M,1.2M,4K,1.3K,6
la_lerma,12.2M,1.4M,198.4K,1.2K,2.9K,6
la.maraaa,6.5M,1.2M,275.3K,3.4K,761,6
lachama4_ff,9M,1.3M,214.3K,2.6K,434,6
ladygaga,6.7M,4.6M,886.4K,11.1K,4.4K,6
lagranjadelborrego,8.3M,2.5M,335.6K,2K,688,6
lanavlnc,151.9K,1.2M,144.2K,1.8K,4.3K,6
larasilvan,16.8M,5.3M,797.7K,2.7K,2.8K,6
larissagloor,3.1M,1.5M,328.6K,3.6K,1.8K,6
laronhinesofficial,9.5M,2.7M,260.9K,1K,730,6
larrayeeee,25.9M,4.9M,527.6K,4K,1.2K,6
larraysucksihatehim,695.9K,3.7M,877.4K,9.6K,2.1K,6
larrywheels,1.8M,5.6M,669.1K,4.6K,10.1K,6
laschakv,971.7K,1.4M,238K,975,2.3K,6
laurahfritz,2.6M,1.3M,253.1K,881,1.6K,6
lauralove5514,5.9M,1.9M,292K,1.6K,638,6
lavdysheva,762.4K,4M,842.2K,1.9K,1.7K,6
leaelui,17.3M,2.8M,425.2K,743,1K,6
leanadeeb,6.9M,8.9M,1.6M,3.9K,6.4K,6
leanbeefpatty,4.5M,2M,351.7K,4.1K,2.7K,6
leavoon,1.3M,1.1M,420.6K,1.5K,4.1K,6
leen_mohd98,3.3M,1.6M,151.9K,1.9K,1.7K,6
leidys_sotolongo,12.2M,2M,361.7K,1.5K,234,6
leleburnier,1.8M,1.6M,312.7K,2.9K,803,6
leonardzbant,3K,1.7M,131.2K,486,9.6K,6
letterkenny_problems,2.1M,2.9M,276.4K,762,10K,6
leyla.tavas,778.4K,5.2M,1.3M,6.8K,7.9K,6
liammillerr,4.1M,907.1K,220.8K,1.8K,2.5K,6
libardoisaza,19.6M,5.1M,675.4K,1.2K,1.6K,6
lights.are.off,19.4M,2.8M,218.5K,2.5K,1.3K,6
lil.tecca,1.8M,7M,1.4M,7.8K,18.4K,6
lilihayes,5.2M,2.5M,356.6K,1.5K,6.6K,6
lilireinhart,4.7M,6.6M,1.2M,3.6K,5.2K,6
lilyxgarcia,10.9M,2.3M,382.1K,1.4K,1.2K,6
lionsgate,4.1M,971.2K,232.1K,1.7K,2.7K,6
liverpoolfc,9.3M,2.2M,283.7K,3.1K,1.8K,6
livvy,5.5M,2.6M,302.1K,2.1K,1.2K,6
livyyrenata,2.2M,2.5M,239.2K,1.1K,862,6
lizzo,24M,2.8M,438.7K,2.8K,1.2K,6
lizzza,29.8M,2M,425.1K,750,381,6
lkzinhu,15.2M,3.6M,497.8K,1.8K,1.9K,6
lockedinout,4.4M,5.4M,661.1K,1.7K,6.2K,6
locofer5,700.8K,1.4M,264.5K,1.9K,1.5K,6
loganpaul,15.1M,3.7M,610.8K,1.9K,1.1K,6
logfive,2M,1.5M,211.8K,1.2K,1.7K,6
lollobaroque,699.9K,2M,181.8K,6.4K,794,6
lonely.moods,354.5K,815.5K,214K,5.4K,10.6K,6
lonrot,1.3M,3.3M,386.8K,1.8K,5.2K,6
lorenzosabatoo,160.5K,1.6M,223.7K,2.6K,6.1K,6
lorigreiner,1.8M,5.9M,379K,2.9K,1.5K,6
losariasbrothers,1.3M,2M,376K,1.2K,2.2K,6
lossiblings_,25.2M,2.2M,300.8K,891,380,6
louflores_,2.8M,1.9M,150.4K,1.1K,4.8K,6
louisematejczyk,389.3K,2.9M,154.5K,642,1.3K,6
lowcarbstateofmind,6.5M,1.9M,145.4K,656,6.4K,6
luadoll,11.2M,3M,326.3K,661,2.4K,6
lucas_burgatti,2.7M,3.3M,428.2K,1.6K,1.4K,6
lucaslopezvilet,2.6M,4M,827.8K,5.9K,8.8K,6
lucaspopan,938K,1.8M,207.7K,2.2K,5.3K,6
lucasvarelaaaa,2.7M,1.7M,307.6K,690,3.6K,6
lucifer_zam,198.5K,777.2K,196.5K,451,34.5K,6
lukeeohalloran,1M,3.4M,302.3K,3K,4.9K,6
luongthingocha,5.5M,2.9M,350K,1.8K,346,6
luongthingocha,5.5M,2.9M,350K,1.8K,346,6
luvadepedreiro,17.1M,5.9M,706.2K,5.5K,3K,6
lyfstyle.tv,356.3K,903.5K,267.6K,1.5K,2.7K,6
lyleforever,2.4M,1.8M,398.9K,696,2K,6
lyricoo__,1.2M,1.3M,165.7K,1.7K,8.6K,6
m0lnigt,83.3K,1.4M,306.4K,2.7K,934,6
m7_x4,2M,3.4M,305.6K,2K,1.5K,6
mac.twinkles,1.3M,2.8M,311.9K,497,458,6
machikayt,12.5M,1.9M,264.5K,1.3K,301,6
machinegunkelly,3.6M,3.9M,444.7K,3.8K,3K,6
maddy.leah3,240.9K,2.9M,281.9K,6.7K,294,6
maddzak,4.5M,2.3M,128.5K,4.4K,109,6
madudepaoli,1.1M,7.5M,723.8K,2.9K,1.4K,6
mahmoud_xj,1.1M,942.9K,165.1K,2.1K,26.3K,6
mahmoudalhasanat09,6.2M,2.5M,314.3K,4.7K,7.7K,6
maiaknight,8.6M,4.8M,912.3K,2.3K,1.1K,6
main_and_aseel,1.3M,3M,178.1K,1.4K,1.1K,6
maitreyiramakrishnan,4.2M,2.5M,484.4K,2K,1.3K,6
mamamomo2022,256.4K,1.8M,149.7K,1.6K,1.5K,6
mammybanter,1.3M,1.6M,220.8K,1.7K,6.5K,6
mandinhasiilvaa,214.5K,2.2M,230.4K,1.8K,1.9K,6
mandrake1984real,1.1M,1.4M,185.9K,1.4K,7K,6
manhtienkhoi_,3.5M,1.6M,198.4K,2K,961,6
manta_ec,102.5K,6.1M,179.6K,1.3K,3.5K,6
margaritadebarros,75.6K,10.9M,620.5K,870,1.5K,6
mariabecerra_22,6.8M,3.2M,528.2K,2.1K,1.2K,6
marialuciap29,1.9M,2M,434.6K,3.1K,1.6K,6
marianna_alexandre,5.8M,2.1M,338.7K,1.2K,314,6
marianne.la.mesera,3M,4.7M,962.9K,1.3K,684,6
marilynl19,995.2K,2.8M,476.5K,5.7K,12.8K,6
mariolcalderon,1.8M,815.8K,141.1K,3.9K,12.5K,6
marsaimartin,3.4M,1.6M,355K,2.5K,1.2K,6
marshelwidianto,2M,3M,208.5K,1.1K,1.3K,6
marshmellomusic,25.7M,1.8M,245.8K,1.4K,577,6
marwanwsahar,1.4M,2.5M,163.5K,710,2.2K,6
mas_nizar,5.2M,1.8M,322.1K,2.6K,630,6
mateus_hwang,1.9M,1.9M,136.8K,5.8K,2.6K,6
matheusevitoriaofc,7.6M,2.8M,468.9K,1.4K,1.3K,6
mativelasco94,1.7M,5.1M,392.2K,2.2K,622,6
matsudake,5.7M,6.8M,284.5K,3.3K,1K,6
matt.larose,498.8K,2.6M,371K,910,223,6
mattiastanga,2.5M,1.5M,240.7K,2.4K,7.7K,6
mattstonie,2.6M,2.3M,322.9K,1K,285,6
mattsturniolo,2.1M,1.9M,386.2K,4.8K,938,6
mauoteroo,4.3M,3.3M,349.2K,353,345,6
max7424453118,2.8M,3.5M,572.6K,5.2K,9.5K,6
mayapolarbear,5.5M,1.5M,154.9K,756,8.4K,6
maymayentrata,9M,5.3M,697.9K,2.9K,2K,6
mckekell,3.9M,1.5M,154.3K,4.1K,2.5K,6
mcsilsiloficial,6.6M,1.7M,134.1K,2.2K,6.3K,6
mdmotivator,9.3M,5.1M,930.3K,3.4K,1.4K,6
meghanandjack,4.1M,1.7M,277.7K,548,2.4K,6
mell_editz0,480.5K,1.5M,229.9K,1.5K,1.1K,6
mellacarli,2M,1.8M,283.7K,1.4K,6K,6
mementoe,3.6M,3.4M,588.5K,4.4K,5.8K,6
meowbahh,1.5M,2.5M,92.4K,17.2K,2K,6
meowlife7,1.9M,3.3M,399K,1.3K,3.9K,6
mexicocookingclub,10.9M,1.7M,221.9K,1.1K,7.1K,6
miakhalifa,33.6M,8.6M,938.7K,2.5K,1.3K,6
michaelrendyw,6.2M,4.6M,324.8K,806,746,6
michou_yt,7M,1.5M,272.7K,1.8K,574,6
midnightmood_oficial,15M,1.5M,145.6K,443,5.2K,6
mieayamthebstt,14.3M,5.5M,582.8K,4.5K,2.6K,6
mikaylanogueira,12.8M,1.9M,246.7K,1.8K,403,6
miketoks,12.9M,1.9M,261.2K,1.1K,654,6
miketyson,3.1M,2.5M,331.4K,5.8K,1.7K,6
milliyormlenlaew,5.5M,5.9M,807.2K,1.5K,1.8K,6
milos.guzel,5M,1.7M,340.3K,1.1K,612,6
mimiermakeup,15.9M,2.3M,339K,1.2K,254,6
minami.0819,1.4M,995.2K,114.1K,7.8K,778,6
missionaryjack,5.4M,4.4M,745.2K,9.1K,9K,6
mix_151,1.3M,3.3M,268.1K,2.9K,4.3K,6
mmmjoemele,22.1M,9.1M,1.5M,3.6K,3.4K,6
mndiaye_97,14.8M,2.8M,495.3K,3.1K,2.2K,6
moanabih,808.2K,2.1M,647.5K,1.9K,2K,6
mohaimen.alaa,3.5M,1.5M,205.3K,1.9K,1.4K,6
mohanadrafal,994.8K,12.4M,265.2K,3.4K,8.4K,6
moneybagyo85,55.1K,4.4M,216.1K,680,244,6
montpantoja,34M,5.7M,931.1K,3.7K,2.4K,6
morimura,7.2M,3M,564.6K,2.2K,2.1K,6
moritabritos,1.2M,2.7M,719.4K,4.1K,6.2K,6
mowgli.j,3M,1.6M,282.6K,4.3K,1.6K,6
mr.benz,4.5M,2.2M,254.2K,2.1K,2.6K,6
mrbeast,37.5M,4.3M,570.5K,5.8K,1.4K,6
mrizkybillar,5.3M,3.7M,334.7K,4.6K,2.8K,6
mrstiventc1977,6.2M,2.4M,288.6K,1.9K,979,6
mscathygonzaga,7.2M,2.7M,328.7K,616,403,6
mttiwx,321.1K,1.6M,310.1K,3.6K,2.2K,6
munchy_monk,897.7K,1.3M,283.6K,3.9K,1.6K,6
muslimoffcial0,3M,2.3M,256.7K,2.2K,1.1K,6
mythical_bubbles,133.5K,1.1M,221.3K,2.8K,2.9K,6
n0dd,3.8M,1.6M,241.3K,3.5K,713,6
nada_m7amed,6.2M,3.5M,272.2K,2.8K,2.1K,6
namyulenka,6.5M,3M,467.5K,3K,1.6K,6
naomineo,1.5M,2.9M,614.6K,1.3K,1.7K,6
naomineo,1.5M,2.9M,614.6K,1.3K,1.7K,6
nasyakailanazifa,2.8M,4.2M,173.2K,1.7K,1.1K,6
nathcampost,1.7M,5.6M,871.8K,1.5K,991,6
nazormaya,5M,5.7M,538.1K,1.6K,393,6
ndn2307,5.5M,2.6M,242.3K,1.4K,172,6
nelkboys,4.1M,3.4M,314.1K,1.8K,7.3K,6
nessaabarrett,18.5M,9M,791.2K,3.8K,3K,6
ngikuttrendaja,192.8K,3.7M,304.5K,1.5K,1.2K,6
ngoc.matcha,3.9M,1.5M,255.4K,2.4K,723,6
niallmacmillan,3.1M,2M,149.7K,886,1.8K,6
nianaguerrero,32.1M,6.5M,1.1M,4.1K,2.6K,6
nick.digiovanni,8.9M,2.1M,300K,750,591,6
nickschmiiid,769.7K,1.1M,250.2K,1.3K,2.4K,6
nickvannsmith,9.4K,1.2M,269.8K,2.5K,9.9K,6
nicocaponecomedy,21.7M,13.3M,720.7K,5.6K,33.2K,6
nicolecherry,1.1M,1.7M,178.7K,1.4K,5.6K,6
nicoletv,10.6M,4.6M,872.4K,1.7K,2.6K,6
nicollefigueroaa,11M,6.9M,889.8K,2.9K,1.4K,6
nilered,9.7M,2.8M,456.7K,2.1K,825,6
njr11njr,1.2M,1.8M,228.8K,3.8K,2.1K,6
nmixx_official,1.9M,1.5M,378.3K,3.9K,1.5K,6
noahschnapp,23.7M,23.6M,4.9M,44.2K,16K,6
nobodysausage,15.6M,1.9M,117.6K,934,3.9K,6
noeldeyzel_bodybuilder,4.7M,2.3M,287.9K,1.6K,1.3K,6
nolaymex,54.9K,4.4M,342.8K,3.5K,8.4K,6
norinpham_m4,2.2M,2.7M,279.5K,3.9K,366,6
nosoychaparro,5.4M,7.3M,1.4M,3.9K,5.2K,6
nost___,451K,3.4M,195K,726,902,6
notshanebennett,2.1M,2.7M,394.5K,1K,1.2K,6
nubiegriffi,130.8K,4.3M,378.5K,2K,13.3K,6
nurbolat_football7,23.5K,2.2M,132.8K,2K,4.3K,6
nurse.johnn,1.9M,2.5M,272.5K,1.1K,4.1K,6
nvran_,538.5K,3.4M,341.4K,1.5K,30.3K,6
nyx.lynnx,202.6K,1.6M,155.5K,1.8K,1.4K,6
obj,1.5M,3.6M,447.2K,1.6K,2.9K,6
odintsoov,324.3K,1.5M,370.8K,2.5K,4K,6
official_kep1er,4.3M,4M,805K,6.1K,3.5K,6
official_nct,8.3M,1.1M,296.5K,2.8K,1.3K,6
official_wayv,3.8M,702.7K,251.7K,6.2K,1.7K,6
officialjadenwilliams,1.5M,1.7M,405K,2K,2.1K,6
officialsalicerose,19M,951.4K,188K,1.6K,2.9K,6
ogikdp,3M,4.2M,354.3K,3.6K,966,6
ogulcan,287.1K,3.3M,227.9K,1.9K,3.3K,6
oironyoliveira,6.2M,1.3M,89.7K,329,7.3K,6
okjackok,1.1M,1.4M,322.3K,875,1.1K,6
oldtimehawkey,5.8M,4.6M,814K,7K,5.2K,6
oli_natu,9.1M,2.8M,437.9K,777,1.1K,6
olisboa,2.3M,2.8M,522.2K,1.2K,1.8K,6
oliver6060,2.8M,1.6M,67.1K,6.7K,1.9K,6
oma_abi_reaktions,16.3K,1.4M,104.7K,2K,4.9K,6
ongsquad,8M,2.7M,304.8K,1.2K,807,6
onlyjayus,18M,1.7M,291.3K,1.8K,758,6
onwardwanna,5.7M,8.7M,1.7M,15.3K,4.4K,6
oscar_mezar,5.7M,2.6M,449.4K,1.7K,1.6K,6
otakoyakisoba,14.8M,2.1M,240.1K,966,1.4K,6
outofcontextcontent,1.2M,8.6M,776.9K,2.3K,9.3K,6
outtpig,1.9M,1.7M,543.8K,2.6K,2.2K,6
ox_zung,45M,1.9M,258.3K,2.3K,564,6
paansih16,1.1M,3.6M,291.1K,1.4K,31.5K,6
pablitocastilloo,5.2M,1.3M,138.2K,857,5.1K,6
pacodemiguel,6.7M,771.2K,109.9K,2K,7.3K,6
pakoyaso_,10.6M,2.8M,378.2K,1.5K,3K,6
paloma.cedeno,578.6K,1.8M,289.6K,5K,18.8K,6
pam_a_cake,4.3M,2.3M,390.4K,1.1K,146,6
pamibabyy,7.2M,1.7M,288.9K,679,1.3K,6
papurriyluisito,814K,1.3M,209.4K,684,2.3K,6
paralympics,2.1M,2.2M,228.4K,4.3K,2.8K,6
parishilton,6.3M,2.1M,201.6K,1.7K,1.1K,6
parkerlocke,6.4M,3M,634.3K,8K,8.5K,6
patrickrenna,2.9M,3.2M,248.5K,1.8K,3.5K,6
paulablanca143,58K,2.7M,145.3K,8.1K,23K,6
paulo_victormelo2,1.7M,2.9M,186.7K,706,1.5K,6
paulomuzy,1.3M,1.5M,182.4K,909,13.6K,6
paupelaez_,6M,2.9M,496.7K,3.6K,1K,6
payton,15.2M,1.2M,241.9K,2.3K,1.3K,6
paytonking,5.2M,4.9M,1.1M,8.7K,10.1K,6
peaks.100_,1M,1.6M,172.3K,1.9K,1.4K,6
pedro.loc,203.6K,2.8M,384.8K,3K,2.7K,6
peetmontzingo,10.4M,2.4M,266.6K,1.3K,500,6
pegamangaa,1.9M,2M,242.4K,704,1.4K,6
pepperonimuffin,7.3M,3.8M,688.1K,1.4K,524,6
pete_pamana,2.7M,2.9M,307.2K,1.6K,801,6
phamvinh99,2.7M,2.8M,224.8K,1.4K,913,6
phatnail,1.3M,2.9M,190.9K,2.4K,238,6
phun.anh,3.6M,3M,271.6K,2K,735,6
pietro_storti,400.7K,1M,141.6K,1.6K,5.8K,6
piperrockelle,9.5M,1.7M,173.2K,4.3K,389,6
pkllipe,17.7M,2.1M,378.7K,1.7K,2.1K,6
pollywogcabin,149.6K,1.4M,134.6K,664,11.8K,6
polya_tuti,2.3M,3.1M,250.6K,711,730,6
pongamoslo_a_prueba,34.2M,11.2M,1.7M,4.1K,3.5K,6
popokbolong,2.6M,1.5M,276.9K,1.6K,806,6
posterised,4.1M,10.1M,1.3M,3.6K,3.9K,6
pr4nce,2.6M,1.6M,267.1K,3.5K,2.5K,6
priimoraa,15M,3M,525.9K,840,880,6
priv_mav,5.3M,2.7M,334K,524,686,6
psg,27.9M,2.6M,271.5K,1.5K,497,6
pureojuice,168.3K,1.1M,186.1K,3.3K,3.7K,6
qamar_altaey,3.2M,5.8M,517.2K,12.2K,11.6K,6
qpark,32M,12.4M,1.1M,6.4K,19.1K,6
queen_paul,3.1M,3.2M,78.9K,3.1K,950,6
qvos,1.9M,1.5M,157.1K,4.2K,2.2K,6
rad.miru,12M,3.7M,298.2K,1.1K,294,6
rafaellatuma,1.2M,1.5M,146K,1.4K,12.6K,6
rafaelsantos,17.9M,2.4M,548K,2.7K,1.1K,6
rafifrasyaq,74.7K,1.6M,221.8K,1.8K,4.1K,6
rah_money1,3.1M,1.7M,231.5K,1.5K,1.4K,6
rakib_hossain_vlogs,1.2M,1.3M,139.6K,4.1K,1.1K,6
ramonvitor,4.4M,3.9M,821.6K,2.9K,1.3K,6
ratuauliaa22,12.6M,2.5M,304.1K,1.9K,1K,6
rawwwash,1.2M,7.1M,370.6K,2.1K,3.7K,6
rayanfahmi,3.3M,2.4M,221.2K,1.2K,921,6
rayssabuq,6.1M,1.5M,252.2K,2K,761,6
readyfredi,2.3M,7.5M,1.4M,19K,32.1K,6
real_animasinopal,1.5M,2.5M,309.6K,1K,3.1K,6
realmadrid,17.7M,2.8M,403.2K,2.6K,2.3K,6
renpc_,4.1M,1.9M,349.7K,1.8K,6.4K,6
reyyhaan31,4.4M,2.8M,213.5K,1K,409,6
riaricis,27.4M,2.9M,276.7K,1.1K,1.2K,6
richcaroline,3.1M,1.6M,308.2K,669,1.4K,6
rickylemon99,11.6M,3.5M,394.8K,549,366,6
rita_pubg,1.6M,1.4M,135.7K,7.5K,1.5K,6
robert_kelley,780.5K,1.4M,280K,1.4K,2K,6
roblox,8.8M,1.5M,239.6K,5.9K,1.5K,6
rosalia,20.8M,3.3M,445.1K,2.1K,992,6
rubentuestaok,15.6M,4.9M,568.1K,1.4K,4K,6
rucenuenda1,1.6M,2.1M,332.5K,1.4K,740,6
rug,9.1M,1.7M,230.5K,1.9K,314,6
rus.alien,7M,5M,279.5K,1.2K,233,6
ryanbakery,1.5M,3.5M,364.5K,4.2K,4.2K,6
rzy135,278.3K,1.1M,153.9K,1.1K,3.8K,6
rzy135,278.3K,1.1M,153.9K,1.1K,3.8K,6
sa_ro01,5.8M,4.9M,385.9K,8.2K,2.3K,6
saafiir_,3.6M,3.5M,143.6K,738,789,6
sabrenorris,3.1M,1.7M,168.4K,9.6K,607,6
sabrinacarpenter,12.3M,2.8M,502.6K,1.5K,1.1K,6
sabrinamaria,66K,3.4M,435.9K,1.7K,752,6
sachiuki,617.4K,866.8K,269.2K,3.9K,2.8K,6
samanth_a01,490.5K,1.9M,247.9K,1.7K,1.1K,6
samkelly322,2.5M,2.4M,423.5K,1.2K,2.1K,6
sammihanratty,1.2M,3.7M,775.5K,1.6K,1.5K,6
sammy_dao222,2.6M,2.2M,218.7K,4K,1.3K,6
samseats,9M,9.6M,1.1M,2.3K,2.1K,6
sarahcothran,3.2M,1.5M,276.8K,1.2K,1K,6
scarlettsspam2,2.1M,17.9M,845.8K,53.9K,6.3K,6
scottsreality,37.4M,4.9M,139.6K,1K,196,6
scottsreality,37.4M,4.9M,139.6K,1K,196,6
scottsreality,37.4M,4.9M,139.6K,1K,196,6
secondhandhuns,99K,1.8M,252.5K,1.9K,1.2K,6
sefo,759.8K,3.3M,283.4K,1K,810,6
selenagomez,41.6M,11.3M,1.9M,12K,6.1K,6
selenaoutdid,347.2K,2M,280.7K,1.5K,1.8K,6
semiraminta,11.9M,2.2M,167.4K,5K,605,6
sergioramos,10.2M,1.6M,192.7K,4.8K,342,6
seventeen17_official,5M,3.4M,748.6K,10.3K,9.4K,6
shadisrour,1.9M,3.1M,290.3K,4.1K,2.7K,6
shahab_vid1,3M,3.7M,62.4K,2.6K,1.9K,6
shakira,23.9M,6.3M,407.3K,1.6K,508,6
shanjid_hasan,4.6M,2.2M,233.7K,1.1K,879,6
shanti_rehman,290.3K,3.7M,245.1K,2K,2.2K,6
sharl_crb,1.8M,2.1M,365.7K,1.3K,516,6
shayvise,2.9M,2.1M,376K,861,282,6
shenacinnamon,530.6K,2.5M,237.7K,798,559,6
sherifkhalid,9.8M,1.3M,154.6K,2K,2.3K,6
shlatfish,3.8M,1.8M,250.1K,3.9K,2.6K,6
shxtsngigs,4M,6M,1.2M,2.4K,13.1K,6
sibenitoo,5.1M,1.7M,147.8K,2K,1.2K,6
sidetalknyc,3.7M,1.6M,222.1K,897,3.8K,6
simp4me.de,17.3K,1.4M,202.5K,2.2K,6.4K,6
siscakohl,12M,11.2M,1.4M,15K,5.2K,6
sjbleau,12.9M,2.5M,372.2K,979,576,6
skaijackson,19.9M,2M,393.3K,1.5K,601,6
skillerhomei,1.9M,1.9M,329.7K,3.8K,4.8K,6
slimjim,2.7M,1.8M,137K,22.7K,190,6
snauzk,4.3M,897K,225.6K,1.9K,3.6K,6
snoopdogg,21.4M,4.3M,362.3K,4.7K,1.8K,6
sofiaespanha,3.7M,2.6M,437.2K,2.8K,688,6
softbulletgun97,1.3M,2.3M,188.3K,2.2K,4.1K,6
somosnoveleiros,1.1M,1.5M,287.8K,1.7K,537,6
soojinicoreana,18.6M,9M,1.4M,4.3K,1.1K,6
soupytime,5.1M,1.3M,282.5K,2.1K,794,6
soydekko,6.9M,2.1M,307.8K,2K,304,6
soyminisech,731.6K,5.7M,360.7K,1.5K,5.7K,6
soysaucer,563K,5.9M,851.1K,2.7K,14.4K,6
soysuco,11.4M,4.8M,628.1K,14.5K,1.7K,6
soysuco_ff,3.7M,3.4M,430.5K,6.6K,981,6
spencer_serafica,12.9M,3.2M,562.2K,3.1K,2.6K,6
spents,1.7M,1.2M,255.3K,1.2K,1.5K,6
spicyycam_,19.1M,1.8M,214.8K,1.9K,139,6
stayc_official,1.4M,706.2K,229.9K,5.4K,1.4K,6
stellajero16,1.3M,861.9K,185.3K,9.3K,970,6
stephenamell,1.6M,1.2M,206.5K,2.1K,2.7K,6
stevang08,251.1K,2.2M,293K,2.1K,23.3K,6
steveioe,10.9M,1.4M,254K,888,1.5K,6
story_7647,571.1K,1.6M,316.5K,358,6.1K,6
straange_56guuuuy,5.9K,1.5M,276.6K,2.2K,10.8K,6
strangehumano,9.2M,4.6M,656.7K,2.2K,1.6K,6
straykids_japan,7.6M,849.6K,255.3K,6.7K,4.7K,6
subwaysurfersofficial,4.3M,4.2M,677.1K,8.4K,963,6
sucss.s,10.7M,2.7M,608.5K,2.8K,649,6
supadupahumble,2.2M,2.7M,540.3K,1.7K,6.9K,6
surfinsafari,105.7K,2M,221.1K,1.4K,1.7K,6
susymourizz,7.2M,2M,229.3K,2.7K,1.3K,6
swaggyj.enny,546.3K,1.5M,316.2K,1.6K,1.2K,6
tai.tl2,396.9K,1.2M,212.4K,1.7K,3.3K,6
talalionaire,593K,5.6M,404.1K,10.9K,8.1K,6
talfishman,2.2M,1.6M,206.5K,1.5K,837,6
tangmokoko,901.5K,3M,191.4K,1.6K,467,6
tannertan36,689.8K,926.2K,249.3K,1.9K,3.6K,6
taylorfrankiepaul,3.6M,3.5M,155.7K,1.2K,443,6
teddyteclebrhan,863.2K,1.2M,140.5K,585,4K,6
terryreloaded,5.9M,4.7M,946.9K,7.1K,13.2K,6
tessteur,83.4K,940.8K,81.9K,704,10.8K,6
teukuryantr,3.7M,2.2M,215.9K,1.4K,1.6K,6
texasboi78,21.4K,1.4M,89K,900,19K,6
thallyssonsb,9.6M,2.6M,388.8K,4.2K,6K,6
thanhyvo,11.5M,3.9M,245.1K,1.1K,202,6
thatlittlepuff,28.6M,4.6M,476.5K,916,1.2K,6
thaybeou40,4.1M,4.1M,363.6K,2K,290,6
the.historical,201.5K,2.9M,346.2K,4.8K,5.1K,6
theandrewschulz,3.5M,2.6M,474.1K,2.7K,11.8K,6
thebenjishow,5.7M,1.8M,274.1K,1.1K,1.5K,6
thebosswives,1.1M,2.2M,206.2K,808,4.2K,6
thecoreyb,8.7M,905.9K,141.4K,808,5.6K,6
theevaelfie,4.1M,1.6M,194.1K,3.5K,1.2K,6
thegervaisshrine,135.3K,2.3M,232.9K,1.2K,3.7K,6
thehealchef,2M,2.5M,374.5K,3K,2.7K,6
thekapelariz,1.4M,1.8M,255.9K,1.5K,741,6
thekauczuk,644.9K,2.4M,205.1K,2K,358,6
thekidlaroi,3.1M,3.5M,448.5K,3.6K,3.1K,6
thelondoncharles,5.9M,2.7M,637.4K,2.4K,2.2K,6
themysteriouschef,4.7M,1.9M,187.8K,1.1K,1.2K,6
theovon,2.1M,1.4M,127.3K,1.3K,12.3K,6
therealhammytv,14.8M,6.4M,322.5K,2.1K,17.3K,6
therealmaneskin,5.7M,2.9M,339.8K,1.6K,974,6
therock,53.1M,2.7M,422.7K,5.9K,2.9K,6
thestradman,3.2M,4M,587.8K,7.4K,2.4K,6
thesupercole,21.9M,8M,848.8K,3.3K,2.1K,6
thethai.14,445.2K,2.9M,182.4K,1.1K,841,6
thethinktok,666.1K,1.7M,152.1K,1.9K,7.1K,6
thiagobarrosoficial,3.6M,2M,223.7K,901,950,6
thiagobarrosoficial,3.6M,2M,223.7K,901,950,6
thinfrog,1.5M,2.3M,204.3K,1.4K,863,6
thinhung99,6.2M,2.6M,295.7K,4.6K,965,6
thiskasai,884K,1.5M,272.5K,1.7K,6.7K,6
tiahranelson,4.4M,890K,260.8K,4.1K,2.9K,6
tifannylm,8.3M,4M,451.2K,1.3K,517,6
tik_tok_bhadie,1.6M,4.6M,1.2M,4.1K,6.6K,6
tiktokchavs_,1.4M,1.2M,203.5K,1.3K,2.4K,6
tmaai_,91.8K,1.3M,170.9K,638,4.4K,6
tombrady,4.2M,5.5M,551.6K,4.5K,6.9K,6
tomjamesr,77.1K,2.2M,298.7K,1.1K,956,6
tommyinnit,11.5M,1.3M,366.3K,5.4K,1.1K,6
tonylopez,23.1M,2.1M,252K,1.3K,460,6
tooturnttony,17M,4.1M,494.3K,4.4K,1.3K,6
trainee_a,3.1M,1M,280.2K,3K,2.5K,6
trashywashyy,3.6M,3.8M,288.9K,1.1K,355,6
trevorwallace,8M,2.8M,269.4K,673,7.6K,6
tsezy,4.8M,2M,253.5K,1.9K,735,6
tsonghanwu,6.4M,2.2M,358K,652,932,6
tuananh_villa699,1.9M,1.7M,251.2K,3.8K,1.1K,6
tuankiet.2000,3.4M,2.2M,258.4K,1.3K,386,6
tulio_sasaya,468.5K,1.6M,366.9K,2.1K,1.5K,6
tunico80,6.7M,1.8M,297.8K,1.8K,1.8K,6
turquoise.dec,469.4K,1.4M,302.8K,1.2K,1.3K,6
tuvok12,12.7M,9.3M,1.3M,1.1K,1K,6
twice_tiktok_official,15.9M,4.9M,1.3M,21.8K,12.8K,6
txt.bighitent,17.3M,4.2M,1.3M,21.4K,7.8K,6
ty.funnyfunny,237.7K,1.2M,240.9K,5K,14.9K,6
unboxing.id,100K,2.1M,203.9K,1.3K,643,6
unlabeled_,1.2M,3.3M,610.5K,1.7K,648,6
unlap1n,124.2K,803.5K,263.2K,2K,2.5K,6
unreal_keanu,3.7M,1.8M,187.9K,6.4K,2K,6
usso96,7M,4M,303.1K,889,1.8K,6
ustazebitlew,3.3M,2.4M,195.2K,3.6K,2.4K,6
valuza.z,1.9M,2.1M,365.7K,1.3K,748,6
vancityreynolds,20.1M,3.8M,973.5K,3.4K,2.5K,6
vanessalopesr,23.3M,3.9M,387.9K,3.2K,1.8K,6
vanrezaputra,320.1K,1.9M,163.3K,2.3K,1.8K,6
vasif.yahyayev95,1.6M,2.3M,117.9K,1K,1.9K,6
veganpastrychef,2M,2.5M,380.5K,2.1K,4.1K,6
veliaveve_,2.5M,2.1M,361.3K,1.4K,337,6
venao2323,4.5M,1.8M,175.7K,1.2K,1.9K,6
vhackerr,14.4M,3.7M,737.6K,9.6K,5.3K,6
vibin.wit.tay,3.7M,2.8M,652K,2.9K,12.4K,6
victormelo,20.9M,5.1M,745.1K,4.1K,5.2K,6
videomusic.oficial,2M,1.5M,140K,284,5.5K,6
vidhia_r,6.7M,3.2M,382.9K,4.7K,3.9K,6
vienvibi_899,6.7M,3.2M,330.6K,1.3K,285,6
vietphuongthoa98,11M,3.7M,426.6K,1.8K,387,6
viki_tory88,310.6K,1.9M,48.8K,208,12.9K,6
viliacarl,3.2M,3.1M,281.5K,785,1.2K,6
vilmeijuga,13.3M,3.2M,321.6K,3.6K,1.9K,6
vinhtech.review,753K,4.2M,225.6K,3K,1.1K,6
viralatacaramelo,1.5M,2.1M,526.3K,4.9K,1.7K,6
virginiafonseca,32.5M,4.3M,495.1K,2.3K,946,6
vitoou,52.4K,1M,179.3K,3.3K,10.9K,6
vzelivx,731.3K,2.1M,271.2K,2.6K,1.3K,6
wawazainal92,116.7K,1.7M,216.1K,3.9K,2.6K,6
wessamq,5.2M,8.3M,860.9K,4.7K,6.2K,6
wigofellas,33.3M,3.2M,163.5K,606,1.3K,6
williamlast_krm,4.6M,2M,210.6K,2.9K,2.4K,6
williesalim,13.3M,4.3M,260.8K,6K,1.8K,6
wisdm8,8.2M,1.4M,277.5K,2.6K,1.6K,6
wuesilva,12.5M,1.9M,236.4K,1.6K,1.6K,6
xtnam1,2M,1.3M,352.8K,1.5K,1.2K,6
xxlechuga,4.1M,1.2M,293.1K,1.3K,2K,6
xxxten1369,3.7M,2.8M,335.1K,1K,1.8K,6
yahia_x,2.2M,4M,189.9K,1K,3.1K,6
yasincengiz38,1.5M,5.3M,141.5K,433,4.5K,6
yescyrille,3M,3M,196.5K,967,2.2K,6
yesimresmi1,16.6M,3.3M,223.4K,1.5K,850,6
yg_treasure_tiktok,4.2M,2.3M,645.4K,10.2K,6.2K,6
ygnazz,1.5M,1.2M,214.8K,1.6K,2.6K,6
yizaroff,4.9M,1.8M,252.2K,2.9K,551,6
yk_osiris,1.9M,3M,373.6K,4K,6.3K,6
yogaarizona,1M,3.7M,352.7K,1.8K,1.9K,6
yucholoco,2.2M,2M,226.2K,6.8K,3.9K,6
yunggravy,3.8M,2.8M,431.9K,2.7K,3K,6
yurielkysojeda,13.7M,2M,293.7K,1.3K,515,6
yzn47,6.1M,13.1M,555.5K,3.6K,20.1K,6
zachking,68.8M,3.5M,394.4K,1.4K,650,6
zakuryyy,423.5K,2.6M,359.3K,1.9K,5K,6
zappingtv.it,146.2K,2.3M,150K,426,2K,6
zara,2.6M,6.2M,235.5K,786,399,6
zeinabharake,13.5M,2.6M,399.2K,1.5K,637,6
zeth,12.5M,6.7M,1.3M,3K,7.7K,6
zodiac.boyfriend,1.8M,1.9M,272.7K,6.8K,3.6K,6
zowloficial,1.1M,1.4M,178.1K,1.4K,2.1K,6
zrt.foot,100.8K,2.3M,218K,1.7K,6.4K,6
zubarefff,4M,1.9M,249K,1.3K,1.6K,6
